OrderID,UserID,Visibility
k7l8m9n0,16,hide
9a6ff77d,2,show
y5z6a7b8,19,hide
m5n6o7p8,6,show
q9r0s1t2,14,show
a1b2c3d4,2,show
g3h4i5j6,9,show
u3v4w5x6,19,show
7307949b,18,show
1c8fad07,16,hide
m3n4o5p6,11,show
e7f8g9h0,7,show
7943791d,18,show
27a4ed27,16,hide
q7r8s9t0,6,show
i1j2k3l4,11,show
765bd272,7,show
8bbb067a,16,hide
1ee62e02,16,hide
e8f3ef04,16,hide
60540d91,11,show
d3353be5,16,hide
i9j0k1l2,7,hide
8dc0421c,16,hide
e5f6g7h8,4,show
a20101b2,16,hide
s5t6u7v8,13,show
w9x0y1z2,2,show
dee8272d,16,hide
a3b4c5d6,4,show
u1v2w3x4,14,show
5920d29a,16,hide
2a16ee3a,16,hide
